keyword, count
GIT, 238
کارشناسی, 151
Rest API, 131
Python, 124
React, 121
JavaScript, 118
Html & CSS, 116
Docker, 105
انگلیسی, 99
TypeScript, 93
Next.js, 83
Sql Server, 73
PostgreSql, 58
Django, 57
Redis, 56
Linux, 53
C#, 52
.Net Core / .Net, 40
Node.js, 29
T-Sql, 29
MySql, 27
ASP.Net, 26
Go, 25
C++, 25
PHP, 24
Figma, 24
Angular, 22
Kafka, 20
RabbitMQ, 20
Java, 19
Bachelor, 19
Laravel, 15
Kubernetes, 15
Wordpress, 15
Entity Framework, 14
English, 12
کارشناسی ارشد, 12
MongoDB, 11
Gitlab, 11
Unit Testing, 10
React Native, 10
Google Search Console, 8
VueJS, 8
کاردانی, 7
Google Analytics, 7
Odoo ERP, 6
Oracle Database, 6
Windows Server, 5
Prometheus, 5
C, 5
OpenCV, 4
ShellScript, 4
Dart, 3
Microsoft Visual Studio, 3
DHCP, 3
Microsoft Excel, 3
Microsoft Azure Devops / TFS, 3
JQuery, 3
Nuxt.js, 3
Oracle WebLogic, 2
Spark, 2
Delphi, 2
Crystal Reports, 2
LINGO, 2
Dapper, 2
Embedded C, 2
Docker Swarm, 2
Kotlin, 2
PVSYST, 1
SSAS, 1
Jenkins, 1
Elastic Search, 1
Microsoft Dynamics, 1
Xcode, 1
Blender, 1
Sketch, 1
PowerBI, 1
Tableau, 1
IIS, 1
iOS Development (Objective C), 1
Flutter, 1
PL-SQL, 1
Dependency Injection, 1
Android Development, 1
ARCGIS, 1
Revit, 1
Swift, 1
Hibernate, 1
Cassandra, 1
Semrush, 1
Java SE, 1
Helm, 1
Android Studio, 1
Neo4j, 1
